Workbook

Sheet Q1_Employment_Percent
A3: Row Labels | B3: Count of Employment Status
A4: Employed | B4: 0.96
A5: Unemployed | B5: 0.04
A6: Grand Total | B6: 1

Sheet Q1_Income_Distribution
A3: Row Labels | B3: Count of Income Class
A4: 0-59999 | B4: 64 | C4: =GETPIVOTDATA("Income Class",$A$3,"Income Class","0-59999") -> 64 | D4: =C4/100 -> 0.64
A5: 60000-119999 | B5: 23 | C5: =C4+GETPIVOTDATA("Income Class",$A$3,"Income Class","60000-119999") -> 87 | D5: =C5/100 -> 0.87
A6: 120000-179999 | B6: 8 | C6: =C5+GETPIVOTDATA("Income Class",$A$3,"Income Class","120000-179999") -> 95 | D6: =C6/100 -> 0.95
A7: 180000-239999 | B7: 4 | C7: =C6+GETPIVOTDATA("Income Class",$A$3,"Income Class","180000-239999") -> 99 | D7: =C7/100 -> 0.99
A8: 300000-359999 | B8: 1 | C8: =C7+GETPIVOTDATA("Income Class",$A$3,"Income Class","300000-359999") -> 100 | D8: =C8/100 -> 1
A9: Grand Total | B9: 100

Sheet Q1_Crosstab_Counts
A3: Count of Income class | B3: Column Labels
A4: Row Labels | B4: 0-59999 | C4: 60000-119999 | D4: 120000-179999 | E4: 180000-239999 | F4: 300000-359999 | G4: Grand Total
A5: College | B5: 16 | C5: 11 | D5: 8 | E5: 4 | F5: 1 | G5: 40
A6: Non-College | B6: 48 | C6: 12 | G6: 60
A7: Grand Total | B7: 64 | C7: 23 | D7: 8 | E7: 4 | F7: 1 | G7: 100

Sheet Q1_Crosstab_columnPercent
A1: Count of Income class | B1: Column Labels
A2: Row Labels | B2: 0-59999 | C2: 60000-119999 | D2: 120000-179999 | E2: 180000-239999 | F2: 300000-359999 | G2: Grand Total
A3: College | B3: 0.25 | C3: 0.47826087 | D3: 1 | E3: 1 | F3: 1 | G3: 0.4
A4: Non-College | B4: 0.75 | C4: 0.52173913 | D4: 0 | E4: 0 | F4: 0 | G4: 0.6
A5: Grand Total | B5: 1 | C5: 1 | D5: 1 | E5: 1 | F5: 1 | G5: 1

Sheet Q1_Crosstab_RowPercent
A2: Count of Income class | B2: Column Labels
A3: Row Labels | B3: 0-59999 | C3: 60000-119999 | D3: 120000-179999 | E3: 180000-239999 | F3: 300000-359999 | G3: Grand Total
A4: College | B4: 0.4 | C4: 0.275 | D4: 0.2 | E4: 0.1 | F4: 0.025 | G4: 1
A5: Non-College | B5: 0.8 | C5: 0.2 | D5: 0 | E5: 0 | F5: 0 | G5: 1
A6: Grand Total | B6: 0.64 | C6: 0.23 | D6: 0.08 | E6: 0.04 | F6: 0.01 | G6: 1

Sheet Raw Data
A1: cpsid | B1: Weekly Hours Worked | C1: Annual Labor Income | D1: Income class | E1: Education Level | F1: Employment Status
A2: 20250204494400 | B2: 40 | C2: 35000 | D2: =IF(C2<=59999,"0-59999", IF(C2<=119999,"60000-119999", IF(C2<=179999,"120000-179999", IF(C2<=239999,"180000-239999", "300000-359999")))) -> 0-59999 | E2: Non-College | F2: Employed
A3: 20250101538800 | B3: 40 | C3: 42000 | D3: =IF(C3<=59999,"0-59999", IF(C3<=119999,"60000-119999", IF(C3<=179999,"120000-179999", IF(C3<=239999,"180000-239999", "300000-359999")))) -> 0-59999 | E3: Non-College | F3: Employed
A4: 20250103144000 | B4: 35 | C4: 15626 | D4: =IF(C4<=59999,"0-59999", IF(C4<=119999,"60000-119999", IF(C4<=179999,"120000-179999", IF(C4<=239999,"180000-239999", "300000-359999")))) -> 0-59999 | E4: Non-College | F4: Employed
A5: 20241203933500 | B5: 20 | C5: 24300 | D5: =IF(C5<=59999,"0-59999", IF(C5<=119999,"60000-119999", IF(C5<=179999,"120000-179999", IF(C5<=239999,"180000-239999", "300000-359999")))) -> 0-59999 | E5: College | F5: Employed
A6: 20250105815500 | B6: 12 | C6: 1500 | D6: =IF(C6<=59999,"0-59999", IF(C6<=119999,"60000-119999", IF(C6<=179999,"120000-179999", IF(C6<=239999,"180000-239999", "300000-359999")))) -> 0-59999 | E6: College | F6: Employed
A7: 20241206225400 | B7: 40 | C7: 96000 | D7: =IF(C7<=59999,"0-59999", IF(C7<=119999,"60000-119999", IF(C7<=179999,"120000-179999", IF(C7<=239999,"180000-239999", "300000-359999")))) -> 60000-119999 | E7: Non-College | F7: Employed
A8: 20240300558600 | B8: 40 | C8: 200000 | D8: =IF(C8<=59999,"0-59999", IF(C8<=119999,"60000-119999", IF(C8<=179999,"120000-179999", IF(C8<=239999,"180000-239999", "300000-359999")))) -> 180000-239999 | E8: College | F8: Employed
A9: 20240300143200 | B9: 40 | C9: 80000 | D9: =IF(C9<=59999,"0-59999", IF(C9<=119999,"60000-119999", IF(C9<=179999,"120000-179999", IF(C9<=239999,"180000-239999", "300000-359999")))) -> 60000-119999 | E9: College | F9: Employed
A10: 20251302329900 | B10: 40 | C10: 25000 | D10: =IF(C10<=59999,"0-59999", IF(C10<=119999,"60000-119999", IF(C10<=179999,"120000-179999", IF(C10<=239999,"180000-239999", "300000-359999")))) -> 0-59999 | E10: Non-College | F10: Employed
A11: 20240300591600 | B11: 40 | C11: 45000 | D11: =IF(C11<=59999,"0-59999", IF(C11<=119999,"60000-119999", IF(C11<=179999,"120000-179999", IF(C11<=239999,"180000-239999", "300000-359999")))) -> 0-59999 | E11: Non-College | F11: Employed
A12: 20251300777300 | B12: 40 | C12: 25000 | D12: =IF(C12<=59999,"0-59999", IF(C12<=119999,"60000-119999", IF(C12<=179999,"120000-179999", IF(C12<=239999,"180000-239999", "300000-359999")))) -> 0-59999 | E12: Non-College | F12: Employed
A13: 20250103661700 | B13: 40 | C13: 43000 | D13: =IF(C13<=59999,"0-59999", IF(C13<=119999,"60000-119999", IF(C13<=179999,"120000-179999", IF(C13<=239999,"180000-239999", "300000-359999")))) -> 0-59999 | E13: Non-College | F13: Employed
... A101: 20251300501300 | B101: 80 | C101: 70000 | D101: =IF(C101<=59999,"0-59999", IF(C101<=119999,"60000-119999", IF(C101<=179999,"120000-179999", IF(C101<=239999,"180000-239999", "300000-359999")))) -> 60000-119999 | E101: Non-College | F101: Employed

Sheet Q1_Employment_Frequency
A1: Education Level | B1: Frequency
A2: College | B2: =COUNTIF('Raw Data'!E2:E101,"college") -> 40
A3: Non-College | B3: =COUNTIF('Raw Data'!E2:E101,"Non-college") -> 60

Sheet Q3_Numerical_Measures
A1: Annual Labor income - | B1: Cnumercal Measure
A2: Measure | B2: Value
A3: Mean | B3: =AVERAGE('Raw Data'!C2:C101) -> 62380.03
A4: Median | B4: =MEDIAN('Raw Data'!C2:C101) -> 46500
A5: Q1 | B5: =_xlfn.QUARTILE.INC('Raw Data'!C2:C101,1) -> 25000
A6: Q3 | B6: =_xlfn.QUARTILE.INC('Raw Data'!C2:C101,3) -> 83500
D10: cv=standard Deviation/Mean
A11: Weekly Hours Worked - | B11: Numerical Measures
A12: Measure | B12: Value
A13: Mean | B13: =AVERAGE('Raw Data'!B2:B101) -> 37.63
A14: Range | B14: =MAX('Raw Data'!B2:B101)-MIN('Raw Data'!B2:B101) -> 90
A15: Q1 | B15: =_xlfn.QUARTILE.INC(Table1[Weekly Hours Worked],1) -> 40
A16: Q3 | B16: =_xlfn.QUARTILE.INC(Table1[Weekly Hours Worked],3) -> 40
A17: IQR | B17: =B16-B15 -> 0
A18: Variance | B18: =_xlfn.VAR.S(Table1[Weekly Hours Worked]) -> 220.23545
A19: Standard Deviation | B19: =_xlfn.STDEV.S(Table1[Weekly Hours Worked]) -> 14.840332
A20: Coefficient of Variation | B20: =B19/B13 -> 0.39437502
A22: Relationship Between Hours & income
A24: Measure | B24: Value
A25: Covariance | B25: =_xlfn.COVARIANCE.S('Raw Data'!B2:B101,'Raw Data'!C2:C101) -> 264165.22
A26: Correlation | B26: =CORREL('Raw Data'!B2:B101,'Raw Data'!C2:C101) -> 0.31367195
